Link,Score,Note,Date,Name,Region,Area,Address,Cuisine,Price,Hours,Map link,Tags,Lat,Lng
,,,,Ham Honey,,,,,,,,,,
,4,"Seasonal Texas-farm menu, fresh-milled heirloom-grain pastas, in-house fermentation",,Emmer & Rye,Central,Rainey Street,"51 Rainey St #110, Austin, TX 78701",New American,,Tue-Thu 5:30pm-10pm; Fri-Sat 5:30pm-11pm; Sun 5:30pm-10pm; Mon closed,,"Michelin, Date night",,
https://www.toasttab.com/local/order/jewboy-burgers-5111-airport-blvd,4.7,"Burgers, latkes and burritos; started as a trailer before moving to Airport Blvd",,JewBoy Burgers,Central,North Loop,"5111 Airport Blvd, Austin, TX 78751",Burgers,,Tue-Thu 11am-9pm; Fri-Sat 11am-10pm; Sun 11am-9pm; Mon closed,,,,
,,San Francisco Mission-style burritos and tacos; order it 'super' with guac and jack,,Asado's Taqueria,North,Allandale,"6726 Burnet Rd, Austin, TX 78757",Mexican,,Wed-Sat 11am-8pm; Sun 11am-3:30pm; Mon-Tue closed,,,,
,,,,Mission Street Burrito,,,,Mexican,,,,,,
https://cabobobs.com,4.5,Burrito chain; original Ben White store opened 2008 and is among its busiest,,Cabo Bob's Burritos,South,St. Elmo,"500 E Ben White Blvd Ste D-100, Austin, TX 78704",Tex-Mex,,Mon-Fri 8am-7pm; Sat 9am-6pm; Sun noon-6pm,,Solo,,
,4.1,"No-frills trailer: al pastor, tripas and carne asada with fiery red and green salsas",,Las Trancas,East,East Cesar Chavez,"1210 E Cesar Chavez St, Austin, TX 78702",Mexican,$,Daily 11am-midnight,,"Food truck, Late night, Cheap eats",,
https://www.veracruzallnatural.com,4,"Famed breakfast taco trailer: tacos, tortas and house-made juices",,Veracruz All Natural,East,Govalle,,Mexican,,,,"Food truck, Brunch",,
,4.7,"West Coast-style taqueria from LA chef Esdras Ochoa: ribeye, al pastor on corn tortillas",,Reunión 19,East,East Cesar Chavez,"1700 E 2nd St, Austin, TX 78702",Mexican,,,,,,
,4.7,Trailer serving slow-cooked discada taquitos (Anthony Pratto & Xose Velasco),,Discada,East,East Cesar Chavez,"1700 E Cesar Chavez St, Austin, TX 78702",Mexican,,Tue 4pm-9pm; Wed-Fri noon-9pm; Sat 11am-9pm; Sun noon-4pm; Mon closed,,"Food truck, Michelin",,
https://tacoflats.com,4.2,Neighborhood taco bar on Burnet Rd,,Taco Flats,North,Allandale,"5520 Burnet Rd, Austin, TX 78756",Mexican,,Mon-Thu 10am-10pm; Fri-Sun 10am-11pm,,,,
,,,2026-10-03,El Xolito,,,,Mexican,,,,New,,
,4.7,,,Nixta Taqueria,,,,Mexican,,,,,,
,,,,Valentina's Tex Mex BBQ,,,,BBQ,,,,,,
,4.4,,,Papalote Taco House,,,,Mexican,,,,,,
,4.5,,,Cuantos Tacos,,,,Mexican,,Tue-Sat 11am-10pm; Sun 10am-4pm; Mon closed,,Food truck,,
,4.5,,,Asador,,,,Mexican,,,,,,
,4.7,Suadero tacos with salsa macha; on NYT's 2026 best-restaurants list,,Paprika ATX,North,North Lamar,"6519 N Lamar Blvd, Austin, TX 78752",Mexican,,,,,,
,4.7,Tijuana-style birria tacos and quesotacos with consome for dunking,,La Tunita 512,East,Montopolis,"2400 Burleson Rd, Austin, TX",Mexican,,,,Food truck,,
,,"Birria tacos, quesabirria and consome from a downtown truck",,Pepe's Tacos,Central,Downtown,"704 N Lamar Blvd, Austin, TX",Mexican,,,,Food truck,,
,,Gas-station taco truck; get the mini taco plate with avocado and queso,,Kiko's Tacos,South,Southpark Meadows,"729 E Slaughter Ln, Austin, TX",Mexican,$,,,"Food truck, Cheap eats",,
,3.9,East side cantina for tacos and margaritas,,De Nada Cantina,East,East Cesar Chavez,"4715 E Cesar Chavez St, Austin, TX 78702",Mexican,,Mon-Sat 11am-midnight; Sun 11am-10pm,,Late night,,
,3.8,,,Coco'ma,,,,Mexican,,,,,,
https://unmundodesabor.com,,"Taco truck known for tacos, enchiladas and tres leches",,Un Mundo de Sabor,South,Southpark Meadows,"5333 Fleming Ct, Austin, TX 78744",Mexican,,,,Food truck,,
,,Family-run Tex-Mex diner known for fajitas and breakfast,,Habanero Mexican Cafe,South,South First,"501 W Oltorf St, Austin, TX 78704",Tex-Mex,,,,Brunch,,
,,,,La Piscina,,,,Mexican,,,,,,
,,,,C Spot,,,,Mexican,,,,,,
,,,,Masa Y Mas,,,,Mexican,,,,,,
,,,,Tacos La Catrina 24,,,,Mexican,,,,,,
,4.5,"Torta shop: brisket barbacoa, carnitas and fried chicken buffalo tortas; front patio",,La Plancha,East,Chestnut,"1701 E Martin Luther King Jr Blvd Unit 101, Austin, TX 78701",Mexican,,,,Outdoor seating,,
,,"Taco truck: carne asada, barbacoa and al pastor tacos",,Norte Taco Truck,East,Govalle,,Mexican,,,,Food truck,,
,,Taco trailer at Hotel Vegas/Volstead: street tacos and quesadillas; Sunday brunch chilaquiles,,Clandestino,East,Central East Austin,"1502 E 6th St, Austin, TX 78702",Mexican,,,,"Food truck, Late night, Brunch, Outdoor seating",,
,,"Food truck with elevated regional Mexican (Jalisco, Baja, Oaxaca); veggie and meat options",,Suculenta Cocina Mexicana,North,The Domain,"3225 Amy Donovan Plaza, Austin, TX",Mexican,,,,Food truck,,
,,"Upscale modern Mexican from Perry's Steakhouse group; grilled oysters, octopus",,Verdad True Modern Mexican,North,Allandale,"2701 Perseverance Dr, Austin, TX 78731",Mexican,,Mon-Sat 4pm-10pm; Sun 4pm-9pm,,Date night,,
,4.7,"Mexico City taqueria: house-made tortillas, mole, margaritas, 80+ agave spirits",,La Popular,South,Oak Hill,"7415 Southwest Pkwy, Building 5, Suite 100, Austin, TX",Mexican,,,,Cocktails,,
,,"Tijuana-style speakeasy taqueria behind ReyRey bar; adobada/al pastor, carne asada",,Taqueria 10 de 10,Central,Downtown,"206 Trinity St, Austin, TX",Mexican,,,,Cheap eats,,
http://www.pollosasadoselnorteno.com,,Grilled pollo asado (whole/half chickens) with sides; started as a food truck,,Pollos Asados El Norteño,East,MLK,"6401 FM 969 Rd, Unit 400, Austin, TX 78724",Mexican,,,,,,
,,Trailer at Southern Heights Brewing; cochinita pibil on house-made blue corn tortillas,,La Taquicardia,East,MLK,"6014 Techni Center Dr, Austin, TX 78721",Mexican,,,,Food truck,,
,,"Known for consomé de chivo (goat stew), quesabirria and breakfast tacos",,Taquito Aviles,North,North Lamar,"11218 N Lamar Blvd, Austin, TX 78753",Mexican,,,,"Food truck, Cheap eats, Brunch",,
,,"Breakfast and lunch taco spot: bacon and egg, bean and cheese, potato and egg tacos",,Mami's Tacos,South,Manchaca,"7200 Menchaca Rd, Austin, TX 78745",Mexican,,,,Brunch,,
,,"Family-run since 2004: tamales, breakfast tacos, aguas frescas, paletas on a 2-acre lot",,Mi Ranchito,,,,Mexican,,,,"Brunch, Outdoor seating",,
https://patrizis.com/manor-road,4.5,"Handmade pasta, house ricotta and giant meatballs in the Vortex Theatre backyard",,Patrizi's,East,Chestnut,"2307 Manor Rd, Austin, TX 78722",Italian,,Daily 5pm-9:30pm,,"Outdoor seating, Food truck",,
https://tuccisubs.com,,"East Coast Italian hoagies with Boar's Head meats; order the Italian ""Tucci's Way""",,Tucci's Southside Subs,South,St. Elmo,"801 E William Cannon Dr, Austin, TX 78745",Sandwiches,,Mon-Sat 11am-7pm; Sun 11am-5pm,,,,
https://www.via313.com,4.5,"Detroit-style square pizza with caramelized cheese crust, from Detroit-born Hunt brothers",,Via 313,Central,Rainey Street,,Pizza,,,,,,
,4.5,,,Bufalina,,,,Pizza,,,,,,
,,,,Pedroso's Pizza,,,,Pizza,,,,,,
,,,,Pizzeria Grata,,,,Pizza,,,,,,
,,,,Allday Pizza,,,,Pizza,,,,,,
,,,,Love Supreme Pizza,,,,Pizza,,,,,,
,,,,Sammataro,,,,Pizza,,,,,,
,4.6,,,Spicy Boys,,,,Fried chicken,,,,,,
,4.5,,,Bird Bird Biscuit,,,,Fried chicken,,,,,,
,4.3,,,Songbird,,,,Fried chicken,,,,,,
,4.6,,,Old Thousand,,,,Fried chicken,,,,,,
,,,,Seoulju,,,,Fried chicken,,,,,,
,,,,Thai Crush,,,,Thai,,,,,,
,4.3,Long-running South Austin Thai spot with a big menu; owner also runs Super Thai,,Sap's Fine Thai Cuisine,South,Westgate,"4514 West Gate Blvd, Austin, TX 78745",Thai,,,,,,
,,Northern Thai/Isaan street-food trailer; get the khao soi and sai oua sausage,,Dee Dee,South,Galindo,"4204 Menchaca Rd, Austin, TX 78704",Thai,,Wed-Sun 4:30pm-8:30pm; Mon-Tue closed,,Food truck,,
,4.6,"Fiery Thai street food; order Creamy Curry Crab, Killer Noodles, Thai Me Down roti",,Kiin Di,South,South Lamar,"2414 S Lamar Blvd, Austin, TX 78704",Thai,,,,Solo,,
,,"Huge menu of Thai classics and regional dishes; takeout up front, bar and dining room",,Super Thai Cuisine,South,South Lamar,"2024 S Lamar Blvd, Austin, TX 78704",Thai,,Daily 11am-10pm,,,,
,,"Fast-casual Vietnamese: pho, vermicelli bowls, banh mi and sliders",,PhởNatic,North,Allandale,"2525 W Anderson Ln, Suite 280, Austin, TX 78757",Vietnamese,,,,Solo,,
,4.7,,,Peacock Mediterranean Grill,,,,Mediterranean,,,,,,
,,,,Halal gurus,,,,Mediterranean,,,,,,
,,,,Phoenician,,,,Mediterranean,,,,,,
,4.5,,,Cava,,,,Mediterranean,,,,,,
,4.5,,,Aba,,,,Mediterranean,,,,,,
,,,,Ezov,,,,Mediterranean,,,,,,
,,,,Bad Larry Burger Club,,,,Burgers,,,,,,
,4.5,,,Hopdoddy,,,,Burgers,,,,,,
,4.8,,,NADC,,,,Burgers,,,,,,
,,,,Golfer Tiger,,,,Burgers,,,,,,
,,,,Howard's,,,,Burgers,,,,,,
,,,,Teal,,,,Bakery,,,,,,
,,All-you-can-eat sushi; original downtown spot popular with UT students,,Sushi Junai,Central,Downtown,"1612 Lavaca St, Austin, TX 78701",Sushi,,Mon-Sat 11am-9:30pm; Sun closed,,,,
,4.9,Tyson Cole's flagship Japanese/sushi restaurant; daily happy hour 4-6pm,,Uchi,South,South Lamar,"801 S Lamar Blvd, Austin, TX 78704",Sushi,,Sun-Thu 4pm-10pm; Fri-Sat 4pm-11pm,,,,
,4.9,Uchi's sister restaurant on North Lamar; Japanese farmhouse dining and sushi,,Uchiko,Central,Rosedale,"4200 N Lamar Blvd Ste 140, Austin, TX 78756",Japanese,,Sun-Thu 4pm-10pm; Fri-Sat 4pm-11pm,,,,
https://instagram.com/yuki.atx,,Counter-only handroll bar; sets of 3-6 handrolls plus sashimi like fatty tuna belly,,Yuki Handroll Bar,South,West Lake Hills,"6317 FM 2244 Ste 330, Austin, TX",Sushi,,,,Solo,,
,,Neighborhood sushi and Japanese grill; ~$10 two-item lunch box special,,Daichi Sushi & Grill,North,Cedar Park,"2051 Cypress Creek Rd, Cedar Park, TX 78613",Sushi,$$,Tue-Thu 11am-9pm; Fri-Sat 11am-10pm; Sun noon-9pm; Mon closed,,Solo,,
,4.8,Mexican-Japanese ramen; carnitas ramen and pork belly tacos,,Ramen Del Barrio,North,The Domain,"2007 Kramer Ln Ste 105, Austin, TX 78758",Ramen,,"Wed-Mon 11am-3pm, 4pm-10pm; Tue closed",,Michelin,,
,4.8,Austin's cult tonkotsu ramen shop,,Ramen Tatsu-Ya,South,South Lamar,"1234 S Lamar Blvd, Austin, TX",Ramen,,Daily 11am-10pm,,,,
,4.3,,,Brooklyn Bagel,,,,Cafe,,,,Brunch,,
,4.5,Rene Ortiz and Laura Sawicki's Holly St bistro in a former laundromat,,Launderette,East,Holly,"2115 Holly St, Austin, TX 78702",New American,,"Daily 11am-2:15pm, 5pm-10pm",,"Brunch, Michelin",,
,,Cocktail lounge on W 34th St with patio and bar seating,,Honey Moon Spirit Lounge,Central,North University,"624 W 34th St, Austin, TX",Cafe,,Tue-Thu 4pm-10pm; Fri-Sat 4pm-11pm; Sun 4pm-10pm; Mon closed,,"Cocktails, Outdoor seating, Brunch",,
,,,,Pecan Square Cafe,,,,Cafe,,,,Brunch,,
,,,,Phoebe's Diner,,,,Cafe,,,,Brunch,,
,,,,Holdout Brewing,,,,Cafe,,,,Brunch,,
,4.5,,,The Well,,,,Cafe,,,,Brunch,,
,,,,Meteor Cafe,,,,Cafe,,,,Brunch,,
,,,,Fonda San Miguel,,,,Cafe,,,,Brunch,,
,4.6,,,Hillside Farmacy,,,,Cafe,,,,Brunch,,
,4.4,Vietnamese cafe and French bakery on South First; weekend brunch,,Elizabeth Street Cafe,South,Bouldin Creek,"1501 S 1st St, Austin, TX 78704",Vietnamese,,Mon-Fri 11am-10pm; Sat-Sun 8am-10pm,,Brunch,,
,,Coffee shop with wine and all-day meals; sister Patika Luncheonette downtown,,Patika,South,South Lamar,"2159 S Lamar Blvd, Austin, TX 78704",Coffee,,,,Brunch,,
,,Rotating seasonal menu; known for Gruyere popovers and gnocchi,,Foreign & Domestic,Central,North Loop,"306 E 53rd St, Austin, TX",New American,,,,Brunch,,
,4.6,"Organic vegetarian cafe with all-day breakfast, tacos, bowls and veggie plates",,Bouldin Creek Cafe,South,Bouldin Creek,"1900 S 1st St, Austin, TX 78704",Cafe,,Mon-Fri 7am-midnight; Sat-Sun 8am-midnight,,Brunch,,
,,"Bungalow patio cafe that becomes a cocktail bar; breakfast sandwiches, fried chicken",,Better Half Coffee & Cocktails,Central,Clarksville,"406 Walsh St, Austin, TX",Cafe,,Mon 8am-3pm; Tue-Thu 8am-10pm; Fri-Sat 8am-11pm; Sun 8am-8pm,,"Cocktails, Outdoor seating, Brunch",,
,3.8,"Austin diner since 1980, famous for pancakes and queso",,Kerbey Lane Cafe,Central,Rosedale,"3704 Kerbey Ln, Austin, TX",American,,,,Brunch,,
,,Melbourne-born specialty coffee roaster with an Aussie-style brunch cafe,,Proud Mary Coffee,South,South Lamar,"2043 S Lamar Blvd, Austin, TX",Cafe,,Daily 7am-4pm,,Brunch,,
,,Hyde Park Italian trattoria; Sunday brunch,,Asti Trattoria,Central,Hyde Park,"408 E 43rd St Ste C, Austin, TX 78751",Italian,,Tue-Sat 4pm-9pm; Sun 10am-2pm; Mon closed,,Brunch,,
,,Chef Michael Fojtasek's chophouse at South Congress Hotel; prime cuts and sides,,Maie Day,South,South Congress,"1603 S Congress Ave, Austin, TX 78704",American,,Mon-Thu 5pm-10pm; Fri-Sat 10am-10pm; Sun 10am-9pm,,"Michelin, Brunch",,
,4,"Counter-service Texas fare (tacos, burgers, smoked meats), big bar, Sunday brunch",,Industry,East,Central East Austin,"1211 E 5th St Ste 150, Austin, TX",American,,Mon 9am-11pm; Tue-Fri 9am-1am; Sat 10am-1am; Sun 10am-11pm,,"Brunch, Solo, Late night",,
,,Smokehouse deli known for award-winning pastrami sandwiches,,Mum Foods Smokehouse & Delicatessen,East,Windsor Park,"5811 Manor Rd, Austin, TX",Sandwiches,,Wed-Sun 11am-3pm; Mon-Tue closed,,"Michelin, Brunch",,
,4.5,"Fermentation shop (mustard, pickles) with Jewish-Korean influences",,Casper Fermentables,,,,Cafe,,,,Brunch,,
,,,2026-10-03,Daymaker Half Day Cafe,,,,Cafe,,,,"New, Brunch",,
,,,,Citizens All Day,,,,Cafe,,,,Brunch,,
,,,,Epicerie,,,,Cafe,,,,Brunch,,
,,,,Rosewood Social Club,,,,Cafe,,,,Brunch,,
,,,,Bagel Brigade,,,,Cafe,,,,Brunch,,
https://instagram.com/mochinut_atx,,Chain specializing in chewy mochi donuts,,Mochinut,,,"6406 N Interstate 35 Frontage Rd Ste 2475, Austin, TX",Donuts,,,,,,
,,Miami import doing brioche donuts like candied pistachio and churro dulce de leche,,The Salty Donut,South,Bouldin Creek,"2000 S Congress Ave, Austin, TX 78704",Donuts,,Sun-Thu 7am-7pm; Fri-Sat 7am-10pm,,Solo,,
,,,,Andy K's Donuts,,,,Dessert,,,,,,
https://instagram.com/kesshocacao,,"Award-winning bean-to-bar chocolate and Asian-inspired gelato: ube, hojicha, milk tea",,KESSHŌ,North,Allandale,"6726 Burnet Rd, Austin, TX 78757",Dessert,,Wed-Thu noon-8pm; Fri-Sat noon-9pm; Sun noon-5pm; Mon-Tue closed,,Food truck,,
https://www.desnudocoffee.com/,,Colombian-owned trailer; famous for the brown sugar miso oat milk latte,,Desnudo Coffee,East,Govalle,"2505 Webberville Rd, Austin, TX 78702",Coffee,,Mon-Fri 7am-2pm; Sat-Sun 7:30am-2:30pm,,Food truck,,
,,Roaster pouring espresso drinks and cold brew at Arbor Food Park,,El Tigre Coffee,East,Rosewood,"2909 E 12th St, Austin, TX",Coffee,,Mon-Fri 7am-2pm; Sat-Sun 9am-2pm,,Food truck,,
,,"Local roaster with campus, Manor Rd and Cuernavaca shops; popular study spot",,Civil Goat Coffee,Central,North University,"3423 Guadalupe St, Austin, TX",Coffee,,Daily 8am-4pm,,Work friendly,,
,,Austin-founded specialty coffee bar known for precise espresso and pour-overs,,Houndstooth Coffee,Central,Rosedale,"4200 N Lamar Blvd, Austin, TX",Coffee,,,,,,
https://www.meritcoffee.com,,San Antonio-born roaster; first Austin cafe in the Seaholm District,,Merit Coffee,Central,Downtown,"222 West Ave #120, Austin, TX",Coffee,,,,,,
https://newwaterloo.com/who-we-are/our-places/maana,,Courtyard coffee bar at South Congress Hotel with house-made pastries,,Mañana,South,South Congress,"1603 S Congress Ave, Austin, TX",Coffee,,Daily 7am-7pm,,"Work friendly, Outdoor seating",,
https://instagram.com/kyoko.coffee,,Japanese-inspired drinks from a Honda microvan; get Kyoko Dreams of Ube,,Kyoko Coffee,North,Highland,"6401 Airport Blvd, Austin, TX 78752",Coffee,,,,Food truck,,
,,"Pronounced 'clergy'; premium pour-overs, matcha and signature drinks on E 6th",,Klerje Coffee,East,East Cesar Chavez,"1614 E 6th St Ste 112, Austin, TX 78702",Coffee,,,,,,
https://instagram.com/lechecoffee_,,Chicana-owned matcha/coffee bar; try the miso cajeta latte or pear matcha,,Leche Coffee,East,Chestnut,"1915 E Martin Luther King Jr Blvd, Austin, TX",Coffee,,Wed-Fri 9am-2pm; Sat-Sun 10am-2pm; Mon-Tue closed,,Outdoor seating,,
,,Yemeni coffee house chain serving traditional Yemeni coffee and tea,,Haraz Coffee House,Central,West Campus,"500 W Martin Luther King Jr Blvd, Austin, TX 78705",Coffee,,Daily 7:30am-10pm,,,,
,,Mobile matcha/espresso cart; known for the honey cornbread matcha latte,,Luanne's Coffee & Matcha,East,East Cesar Chavez,,Coffee,,,,Food truck,,
,,"Coffee and açaí by day, natural wine and DJs on a plant-filled patio by night",,Community Garden,East,Central East Austin,"1401 Cedar Ave, Austin, TX 78702",Coffee,,,,Outdoor seating,,
,,"Small-batch roaster (est. 2016) focused on direct-trade, light-handed roasts",,Praxis Coffee Roasters,South,Manchaca,"10400 Menchaca Rd, Austin, TX 78748",Coffee,,,,,,
https://instagram.com/laulauatx,,Asian American coffee shop; try the Fish Sauce Caramel Latte or Mala Latte,,Lau Lau,Central,North University,"3701 Guadalupe St #106, Austin, TX 78705",Coffee,,,,,,
,,"Diner-style breakfast trailer with coffee bar; sweet biscuit with sausage, Cartoon Latte",,Lynny's,East,Govalle,"705 Gunter St, Austin, TX 78702",Cafe,,,,"Food truck, Brunch",,
,,Creative house-made lattes like the Ponyo Joy at Vegan Nom food park,,Ghoul Coffee Company,East,East Cesar Chavez,"2324 E Cesar Chavez St A, Austin, TX 78702",Coffee,,,,"Food truck, Work friendly",,
,,"Plant shop and cafe; house-roasted beans, signature cardamom mocha",,Palomino Coffee,East,MLK,"4136 E 12th St, Austin, TX 78721",Coffee,,Daily 7am-4pm,,Outdoor seating,,
,,"Burnet Rd coffeehouse; Spicy Monkey Mocha, plus pizza and sandwiches",,Monkey Nest Coffee,North,Brentwood,"5353 Burnet Rd, Austin, TX 78756",Coffee,,Mon-Sat 7am-9pm; Sun 8am-9pm,,Work friendly,,
,,Daytime coffee in Hole in the Wall's back room; 21+ karaoke bar at night,,Amity's,Central,West Campus,"2538 Guadalupe St, Austin, TX 78705",Coffee,,,,,,
https://mazurcoffee.com,,"Part boutique, part coffee bar; matcha and espresso drinks made with Desnudo beans",,Mazúr Coffee,Central,Rosedale,"4207 Medical Pkwy, Austin, TX 78756",Coffee,,Mon-Sat 9am-6pm; Sun 10am-4pm,,,,
https://www.damecafecoffee.com,,"Mexican-inspired drinks: Canela Latte, Swirl Brew, horchata latte",,Dame Café,East,Springdale,,Coffee,,,,,,
,,"Cafe inside SpinCycle laundromat; pistachio cardamom latte, Mediterranean pastries",,BRB Coffee,Central,North University,"3501 Guadalupe St, Austin, TX 78705",Coffee,,,,Work friendly,,
,,,,Spokesman Coffee,,,,Coffee,,,,,,
,,,,Hometown Coffee,,,,Coffee,,,,,,
,,,,Funky Soul Coffee,,,,Coffee,,,,,,
,,,,Odd Roots Coffee,,,,Coffee,,,,,,
,,,2026-10-03,Spread & Co,,,,Coffee,,,,New,,
,,,,Terrible Live Coffee,,,,Coffee,,,,,,
,,,,Second Wind ATX,,,,Coffee,,,,,,
,,,,Breeze and Bites,,,,Middle Eastern,,,,,,
,,,,Salaam's Grill,,,,Middle Eastern,,,,,,
,,,,Thoroughfare,,,,Bakery,,,,,,
,,Bait-shop-themed bar/bodega at Springdale Station; get the tuna melt on Easy Tiger sourdough,2026-10-03,Handsome Dan's,East,Govalle,"979 Springdale Rd, Austin, TX 78702",Sandwiches,,,,"New, Outdoor seating",,
https://www.electricgravyatx.com,,"Mumbai-inspired plates with a Texas twist: Electric Poutine, curry queso, vindaloo",2026-10-03,Electric Gravy Mumbai Bar & Canteen,East,Central East Austin,"1050 E 11th St, Ste 100, Austin, TX 78702",New American,,,,"New, Cocktails",,
https://instagram.com/thegreekbar,,"Greek taverna: mezze, spreads, lamb chops, braised octopus, moussaka; Greek wines",2026-10-03,The Greek Bar,South,Travis Heights,"534 E Oltorf St, Austin, TX 78704",Greek,,"Tue-Fri 4pm-10pm; Sat-Sun 10:30am-2:30pm, 4pm-10pm; Mon closed",,"New, Cocktails, Brunch, Date night",,
,,,2026-10-03,Chop Omakase,,,,,,,,New,,
,,"Austin's first fully plant-based tasting menu; 7 courses, vegan/biodynamic wine pairing",2026-10-03,Fabrik,East,Chestnut,"1701 E MLK Blvd, Suite 102, Austin, TX 78702",New American,$$$$,,,"New, Date night",,
,,Paul Qui's yoshoku spot: Top Roe Handroll bar plus Top Roe Izakaya for dinner,2026-10-03,Top Roe,Central,Downtown,"120 W 5th St, Austin, TX 78701",Japanese,,"Mon-Thu 11am-2pm, 4:30pm-10pm; Fri 11am-2pm, 4:30pm-11pm; Sat 4:30pm-11pm; Sun 4:30pm-9pm",,"New, Date night",,
,,Paperboy team's wood-fired pizza in a Victorian house; big shaded beer garden,2026-10-03,Loudmouth,East,Rosewood,"1209 Rosewood Ave, Austin, TX 78702",Pizza,,,,"New, Outdoor seating, Group friendly",,
https://www.bambinoaustin.com,,L'Oca d'Oro team's all-day pizzeria; get the Coppa Cabana and soft-serve,2026-10-03,Bambino,East,Govalle,"979 Springdale Rd, Suite 153, Austin, TX 78702",Pizza,,,,"New, Group friendly",,
,,Refined Mexican in the Littlefield Building; try the tetela and ceviche,2026-10-03,Mexta,Central,Downtown,"106 E 6th St, Suite 110, Austin, TX 78701",Mexican,$$$,,,"New, Date night, Cocktails",,
,,"Evan LeRoy's new-school BBQ; Michelin-starred, Texas Monthly No. 2",2026-10-03,LeRoy and Lewis Barbecue,South,St. Elmo,"5621 Emerald Forest Dr, Austin, TX 78745",BBQ,,,,New,,
,,"1970s-style diner: towering French toast, big pancakes, cocktails",2026-10-03,Toasty Badger,South,South Congress,"2206 S Congress Ave, Austin, TX 78704",American,,Daily 7am-3pm,,"New, Brunch",,
,,"All-day deli/market/bar from The Cavalier team; house sausages, Sopprestracc sandwich",2026-10-03,High Road DelicaTexan,South,Bouldin Creek,"915 W Mary St, Austin, TX 78704",Sandwiches,,,,"New, Cocktails",,
